{"train_loss": 5.5722809431436175, "test_loss": 5.571923452265122, "train_acc": 0.003146853146853147, "test_acc": 0.0029411764705882353, "_timestamp": 1700147263.4988568, "_runtime": 147.0887486934662, "_step": 6, "_wandb": {"runtime": 164}}