{"train_loss": 5.572202863226404, "test_loss": 5.572027206420898, "train_acc": 0.003146853146853147, "test_acc": 0.0029411764705882353, "_timestamp": 1700146147.9587545, "_runtime": 200.463636636734, "_step": 9, "_wandb": {"runtime": 198}}