{"train_loss": 5.610286387196788, "test_loss": 5.56822130539838, "train_acc": 0.002540792556075783, "test_acc": 0.0058823529411764705, "_timestamp": 1700147079.302919, "_runtime": 27.800006866455078, "_step": 0, "_wandb": {"runtime": 33}}