{"train_loss": 5.6064554014406, "test_loss": 6.7187855383929085, "train_acc": 0.0038461538461538464, "test_acc": 0.0058823529411764705, "_timestamp": 1700145628.3769746, "_runtime": 29.562837600708008, "_step": 0, "_wandb": {"runtime": 27}}