{"train_loss": 1.097310746966542, "test_loss": 1.1665197270758012, "train_acc": 0.6372177943066284, "test_acc": 0.5800560355186463, "_timestamp": 1700147942.183623, "_runtime": 632.3327701091766, "_step": 29, "_wandb": {"runtime": 630}}